name,existingDate
The Seven Deadly Sins: Origin,Mar 16 2026
Seeds of Calamity,Apr 13 2026
Farm to table,May 9 2026
Outbound,May 11 2026
Bitter harvest,May 22 2026
Budgie’s Bug Shop,May 25 2026
OddFauna,Jun 2 2026
Solarpunk,Jun 8 2026
Tales of Seikyu,Jun 11 2026
Moonlight Peaks,July 7 2026
Village in the Shade,Jul 29 2026
Grave Seasons,Aug 14 2026
Harvest Moon: Echoes of Teradea,Sep 24 2026
Neverway,Oct 1 2026
Emberville,Q3 2026
Witchbrook,2026
My Time at Evershine,2026
Super Zoo Story,2026
Danchi Days,2026
Autonomica,2026
Sunkissed City,2026
Milki Delivery,2026
Tiny Eden,2026
Loftia,2026
Lou’s Lagoon,2026
Dragon Shelter,2026
Frog Island,2026
Elusive,May 2027
Silicone Heart,2027
Artisan Story,1.0 TBA
Starsand Island,1.0 TBA
Farlands,1.0 TBA
Ova Magica,1.0 TBA
Go-Go Town,1.0 TBA
Ooze Keeper,1.0 TBA
Ages of Cataria,1.0 TBA
Fields of Mistria,1.0 TBA
Star birds,1.0 TBA
Voyages of Nera,1.0 TBA
Super Farming Boy,1.0 TBA
Galactic Getaway,1.0 TBA
Honeymancer,1.0 TBA
Sky Harvest,1.0 TBA
Grimshire,1.0 TBA
Lightyear Frontier,1.0 TBA
A New Leaf: Memories,1.0 TBA
Chronomon,1.0 TBA
Doloc Town,1.0 TBA
Cornucopia,1.0 TBA
Out and About,1.0 TBA
Travellers Rest,1.0 TBA
Hotel Galactic,1.0 TBA
Pathless Woods,1.0 TBA
Abyss: New Dawn,1.0 TBA
Verdant Village,1.0 TBA
Everdream Village,1.0 TBA
Farming Camp,TBA
Petit Planet,TBA
Palworld Palfarm,TBA
Meetlight,TBA
Forgotten Waters,TBA
Southfield,TBA
Kloa - Child of the Forest,TBA
Arclands,TBA
Cloudscape,TBA
Sally,TBA
Haunted Chocolatier,TBA
Littlelands,TBA
Poglings,TBA
Forage Friends,TBA
Letter Bunny,TBA
Humblets,TBA
Koru,TBA
Dragon Acres,TBA
Sea Sniffers,TBA
Hawthorn,TBA
Cat cafe manager 2,TBA
Everbloom,TBA
Wylde Society,TBA
Litchi Town,TBA
We Harvest Shadows,TBA
Mazey Village,TBA
Moonstone Academy,TBA
Mystical Demon Farm,TBA
Spirit Rancher,TBA
Timber Life,TBA
Kitaria Fables 2,TBA
Mossfield Origins,Abandoned?
Petadachi,Abandoned?
Moonhaven,Abandoned?
Just Life,Abandoned?
Vivarium,Abandoned?
Among the wild,Abandoned?
Floatopia,Abandoned?